"","Country","1992","1993","1994","1995","1996","1997","1998","1999","2000","2001","2002","2003","2004","2005","2006","2007","2008","2009","2010","2011","2012","2013","2014","2015","2016","2017"
"1","Algeria","38.751260074101708","45.954767898967035","47.066488253757583","42.715280322181606","49.383241430113934","58.634346628200056","62.993767629190501","59.368118879254027","60.325300144994216","66.207177285235915","65.653992832928722","68.09124967125878","85.352764163937934","87.862946733038854","91.5976680434146","115.03808695550137","148.37150950691242","148.89257007159196","157.02326033419683","234.99024730287428","248.26505692887258","265.04875793588911","248.62071826856638","261.15663294610613","251.61475189878857","243.80002424362024"
"2","Libya",". .",". .",". .",". .",". .","244.65995774063362","277.85991772636032","218.70524071606931","202.68579791526119","150.67329274209283","81.86565115742836","96.40427242195463","120.08802125979811","119.27636519494136","104.4568708487692","107.05164045143954","181.73706866652807",". .",". .",". .","481.97629200537796","639.88207724319534","605.35029337419348",". .",". .",". ."
"3","Morocco","47.63301237514974","47.709976105220598","51.196143598064495","53.107530186226633","52.698358052919772","50.346959149694577","51.284693117642881","42.347016095136105","29.780338646748941","50.384691913534859","49.974787731764799","60.958112538904622","64.2004547673031","66.548498481948982","69.149339155508812","77.126735017106512","93.204164551693509","95.501071537014738","97.526690501970947","101.72911414408988","102.07962964667912","120.19453309305202","117.97311194052091","93.909523224987282","94.312216811604017","96.85232818582611"
"4","Tunisia","33.670758950126412","31.436614207877923","33.16760683722844","37.623809409876138","42.941650858605705","38.167175654278608","38.512913163053675","37.174405078628361","34.269822826105973","34.29983266455843","35.017520372847557","40.985790591746166","44.387016086410796","46.371236293946353","48.764812863617287","47.644825566272154","55.62532883832953","53.676567573880028","53.683529121526689","66.463020060010138","62.574329502021975","68.941384778476333","81.511556591500863","86.883403885350347","86.618716458310857","72.45284087142393"
"5","Angola","61.2367130240332","132.38086318539453",". .","16.388241167478249","10.879910337397002","30.272453456346476","10.98263674472377","66.871751550013187","35.498085971258327","23.805735598244826","24.964149993050665","36.807536255101695","43.334352226657217","69.814727859448695","97.239676071118765","96.793179336100351","145.38949785467722","146.8407877673647","149.80423689894536","150.27712721809078","165.15022628843687","234.27463838109827","254.15104197373884","129.51833455706671","98.018771549560682","102.83551795356013"
"6","Benin",". .",". .",". .",". .",". .",". .",". .","2.6775017997513189","2.1113280819135345","1.8529080611423412","3.5639538646464448","4.5932842456074985","5.3910266807978173","5.6006977453137514","5.6938935245375655",". .","7.4422474713861897",". .",". .",". .","8.0400662586716827","8.5964894664442433","9.039886232658338","8.5946008350461334","7.3196639801502332","10.392446603480115"
"7","Botswana","122.25718582264024","124.22048064111054","111.20404268983847","105.71321909401512","87.627728868787827","98.011873899997738","108.43815069600481","99.760307697308193","106.87619022421445","119.84608749427144","125.59278746468716","166.82805048208616","171.66880614221699","152.94093769628242","144.85127396530405","160.075826186276","170.78124875198432","166.75098755354088","173.05008139114935","177.11576738561749","156.45039721190437","143.96878825242734","159.68171246919243","173.70106764718523","228.62400310617286","231.79014411796302"
"8","Burkina Faso","7.6493228124085464","6.3362604238815221","3.0824450906965764","3.6534449906586799","3.5807179430201344","3.6143715693259999","3.600668460160096","3.6995729548251086","3.1580567039254808","3.0836533093228762","3.4546574874495684","4.010950179406275","5.0407808290669491","5.5016932851947145","5.252146771530481","7.5650133031955837","7.9647222061017926","8.4097790143658155","7.9268666807942347","8.6339814117679712","8.9148375664743131","9.731098269163251","10.074331092669887","8.1683953387873611","8.015868945414482","9.9547770561907427"
"9","Burundi","6.8866841868691706","6.283989180213184","7.1376958701201767","7.0628178860123807","8.4246047387689025","10.12256903406311","9.4944542814911106","8.0540964339881729","6.612013146014843","8.1195487414906129","6.6616639321682465","6.2437071435396136","6.2475020220773487","6.6758992388399436","5.8261280534422299","5.8326444283130545","5.3403446295347843",". .",". .",". .","6.327091967043116","6.3394084336743273","6.2857475481270804","6.4871882434323593","6.3152892616062131","5.8824776532569754"
"10","Cameroon","14.811641640414393","13.181032147932028","7.2097476549215447","8.4373808284688305","8.4659938960010628","8.3803440816362276","9.4498743443785269","9.7170088418467788","8.0550254666968701","7.9314884741037135","9.0536302527220318","11.4146595430408","13.037730328650236","12.805651128034935","14.353862029263597","16.128983045967001","18.331093193453622","17.664450263397324","17.728874414080156","16.933251291793592","16.812495205672306","18.140276627913185","18.054443032740039","15.494749569637129","16.529489602775524","16.968579344712797"
"11","Cape Verde","9.9081084421395023","7.4127632230805069","9.0500978154076286","15.95013975926609","10.687633786622239","10.044067815758204","10.814536650601388","11.740347908170888","15.631811230179684","10.453885305687656","9.9995552759615727","12.567357046413299","13.796551566134214","14.923954989690809","14.528343346946247","16.330261193260466","21.879627286172671","16.908557161463243","16.400540805230005","19.205216167153498","18.94315884240828","18.87243611778333","19.089334925781561","16.742356548043148","18.850946145403636","17.120405584093387"
"12","Central African Rep.","7.4893034900580782","6.0179548518069854","3.2713662117777038","3.8816225989369717","3.5497246702448892",". .",". .",". .",". .",". .","2.7336293778975134","3.7720215937947339","3.7246500199555816","3.729779634408394",". .","4.4699283745011291","7.251711077719885","8.1722308682815985","11.596040148803237",". .",". .",". .",". .",". .",". .","5.9059437008884199"
"13","Chad","5.5636446069190768","5.9796233432626007","3.2713443697651083","2.8617245723289884","3.4285252295128252","2.217863565003078","2.0753279489142513","2.6053466145820532","2.5590510342341144","3.0234669917305133","3.8093299881836828","4.3781545076454584","5.2050131207547183","5.5122149954234247","21.397051848855984","36.112328733171132","54.915976473926243","64.23693678093781","51.805042721777198","49.615453566629931",". .","55.313090427934341","28.916666790839525","15.773846595716416","21.419582126606493","14.091816584672044"
"14","Congo","48.745049664265636","41.335582670185879",". .",". .",". .",". .",". .",". .",". .","16.420123351900489","20.751539455489493","26.774064312219529","34.47525735326019","27.140795943040761","32.94055660991765","42.270922926923355","50.474456357991109",". .","49.784865418284518",". .",". .","77.25257062374348","144.70930949837634",". .","109.55268064908778","92.059934784515562"
"15","Congo, Dem. Rep.","2.2901236468285666","12.081647488210505",". .",". .","2.0871813083279895","1.9124974149700678","0.59387495610007091","3.2523354167946752","2.8227277021896238",". .",". .","1.5315816566971454","2.5952642145209399","3.0173626898733428","3.6273640711597785","3.5129371374406859","2.6501385602959511","1.9608895831324038","2.8467577268722386","3.5792935372421231","4.820242569652784","5.2509309000562281","4.6284793970880385","6.4474889172779823","5.0260741751893274","3.6296547562507602"
"16","Cote d¡¦Ivoire","11.91195836306221","10.910825322833141","5.9694668654687995",". .","6.8461777542078348","6.0550107492359349",". .",". .",". .",". .",". .","12.048379058155836","13.935728392192665","13.627227804666797","14.29777144888479","16.955894051894276","18.920445163691305","21.069990615594772","19.003276793754562","17.100978253647991","19.030024232824019","19.575595731758785","23.134897800471244","24.652047404114715","25.42795370102985","20.409534780721533"
"17","Djibouti","54.67119833455849","50.227643811077307","49.345655682120643","46.968226109681396","38.104542891016777","40.173590736659399","39.236420807657844","38.250379674747883","36.2676171069836","35.550348803330081","44.559178227870909","55.05266282092763","48.466618303186451","57.25762089162923","62.189546089881517","42.647178921743958","44.079884019272654",". .",". .",". .",". .",". .",". .",". .",". .",". ."
"18","Equatorial Guinea",". .",". .","4.8842249438457124","6.8292200964316372",". .",". .",". .",". .",". .",". .",". .",". .",". .",". .",". .","236.71527845893002","337.11261032806465","409.11130528321337",". .",". .",". .",". .","147.45591969391273",". .","14.926977870938217",". ."
"19","Eritrea","xxx","34.764767760291612","25.992478619892417","40.44981176679417","48.86177469428474","29.340730829609132","81.570563109085924","82.627196736063411","67.988110670248531","47.624918466985342","41.709400361258744","48.574316962257079",". .",". .",". .",". .",". .",". .",". .",". .",". .",". .",". .",". .",". .",". ."
"20","Ethiopia","4.943939559094753","3.0607314118801887","2.6824582697150543","2.1368069079021978","2.1376792639574038","3.6967895820466703","7.3024305312886222","10.886514258278579","9.2811299213053839","5.1072674747864513","4.0984942132131525","3.841375791211227","4.1680566697938186","4.4582255090544018","4.3840709752211637","4.4461541991970268","4.6665636922076175","3.9761492226345845","3.4618904200870029","3.6918794985972903","3.9649765487951276","3.6365522461475375","4.2568528133639365","4.4316254123509076","4.5772984783794852","4.6475766199897688"
"21","Gabon",". .",". .",". .",". .",". .",". .",". .",". .","74.156104917436267","71.329368403349349","73.155521515260205","81.614838427042173","91.717781838968307","84.177351468396111","90.13963950566162",". .",". .",". .","163.84396138781872","156.71744794036144","158.32266942240165","155.26764449548418","110.95767502627349","88.26894107490304","102.44308762684567","147.50404358717191"
"22","Gambia","3.5741793988205606","2.5351994704537288","2.2346015553048657","2.7072682801988384","3.5831837020368047","3.7019176189567502","3.48817171473278","2.9437824668639574","2.6980138489869034","1.931711813441356","1.7228713821258614","1.4753144211428162","1.380975823105755","2.0669414246012536","1.8687323946305447","2.9543102276728059","10.804378688473598","4.3275632335170702",". .",". .","6.1999472071640982","5.5820775149911661","7.6126608667744353","7.2250223278465286",". .",". ."
"23","Ghana","2.6942828123200688","2.5794674287439019","2.316157245495186","2.9267873182942576","2.5845936097551339","2.582985735829467","3.1853799114942287","3.2080855957620487","2.6866913603358982","1.6657809948667921","1.8557775862220143","2.6040293424633956","2.6852379539757081","2.9800640413589274","3.4247344283887617","5.5540357505412752","4.878746581261737","4.9486102832434655","4.9967342043355547","9.3276563338863383","13.106141161246674","9.6786847355860388","9.3705267928580778","6.9070234529519166","5.7345139168150761","6.5593492061078713"
"24","Guinea","8.2342616134394024","6.1364031553219487","6.0803258396044768",". .",". .","5.3214504273467353","5.2961202362118707","6.3800161977760235","5.2185606130812499","9.7778441309181332","10.734503859848671","9.0370916161075936","8.5370511183658166",". .",". .",". .",". .",". .",". .",". .","14.972638533856088","17.060351376395158","16.682515743560113","18.311510402378797","13.057255308536723","13.498049855465824"
"25","Guinea-Bissau",". .",". .","1.8110952044931967","1.9451913783359662","1.6373126988509759","1.5408743907699436","2.4170344994432402",". .","7.6666170171874466","4.8781893308895699","4.9191964651496054","5.680555838049548",". .","8.774653385999887",". .",". .",". .","9.0576966737477367","11.00972322284141","10.976261909086034","14.95096001081647","12.911601074263411","12.44149141572365","9.6225320079604089",". .",". ."
"26","Kenya","6.2504765179339037","4.1043744433343292","4.4195169029461203","5.4521301865131218","6.068155122410686","6.0728812816819593","5.7764578849318537","4.9645688401634356","5.2649345718958429","6.044432167397451","6.4398883013708588","7.20575811629688","7.4072231450771842","8.7881978029539471","10.142683151101895","12.988659314102879","14.815719253577155","14.366596455234532","15.043471854494692","15.2206688456336","19.247135671271522","19.19744339189976","17.795926120942223","17.860597360112934","19.254495063058371","19.386439118469141"
"27","Lesotho","14.538412206198025","13.021159251603342","14.924649649160903","19.515206991461206","15.860648213254201","15.852571671518756","15.184323551945083","18.415395553223131","16.351217355486153","12.402591488491234","10.282170538569519","14.266097878582482","16.231318521302168","17.245012764346558","17.919957401662796","20.09530989430182","13.67581958395966","23.474424356908823","34.628410349993175","28.180543983916952","25.47463157711698","22.641950603769001","22.226458275323587","20.245109546507845","18.826185686067202","23.5498553388434"
"28","Liberia",". .",". .",". .",". .",". .",". .",". .",". .",". .",". .",". .",". .","1.0017585868844552","2.4607280075309008","1.1626742752466199","0.9923334695917827","1.0666141049136593","1.8871696600418522","2.1422827291435809","3.2605541738213693","3.6299823774028992","3.5255422461984027","3.3094671805667253","3.2889436688112177","3.1663546694357367","2.8860463415799043"
"29","Madagascar","1.8780588844087238","2.9845694606002628","2.1108066360275592","2.0163159625909781","3.5563558291308488","3.6622017959640383","3.406529017038562","2.9469249815986807","2.9943245711251727","3.9996210214125125","3.4442585061585449","4.1967953666412914","3.059693265489694","2.9459003955034171","2.8555748067022981","4.2162681294423114","5.1644887673762785","3.4510576034366203","2.6911810569853905","3.3107973170548322","3.0714337184651792","3.1304131986357433","2.9536791490152949","2.4318161985811835","2.3858633128399762","2.6310964625372812"
"30","Malawi","2.5939209108395627","2.6371914557589555","1.741435630421285","1.1149075982533077","1.9933356694648656","2.5436176225731306","1.3521220469473547","1.3041031535742145","1.0308829222973914","1.084307733225077","1.2331884623313929","1.0633994243183942","1.7328552171473062","2.930552824240352","2.3151346293085293","2.4275472037504358","3.1156556891776011","3.9958526791525895","3.2955696463868409","3.3789438023309275","2.8673093844216075","3.7959197738637411","2.8973567840462611","2.3212887046750255","1.9759541105000533","2.5360282881475258"
"31","Mali",". .","4.886878899687769","3.1965824334786239","4.2135634113683933","4.0259638022070092","3.9808356602528372","3.9515401599371711","4.1123158210886999","3.9827208539360748","3.9741986082295351","4.2405298312231183","5.5608262429821487","6.247653252733179","6.75461699193397","7.2582166282101293","8.0710783887341861","10.108725956430545","9.8883133693524918","9.7370293905993961","10.363733902190269","9.3002342067778194","9.3358051215459188","12.858595917844985","17.699356747226332","20.139048894889338","24.8755455410389"
"32","Mauritania","18.388832846768182","13.708478198257755","13.039765615387459","13.745949421212512","15.804605181783781","16.830990138848598","10.046468211268154","12.157502145350003","13.980543833282439","18.580266786850288","12.627308871744935","21.118254802579507",". .","21.292110648186057","25.431544532613863",". .","36.191313277367939","32.748116917933174",". .",". .","37.151705767123737","36.545684414909566","35.641531000399389","31.783926201072358","31.635504889628415",". ."
"33","Mauritius","10.552227825820591","9.8102163532859503","10.639496095680508","11.914318390329205","11.360865896052717","8.4927534311139237","7.2572404512519979","7.6905483701321513","7.897888132460456","7.5191285332873106","7.9064245590453401","9.0016389172957005","8.9951047168218423","8.9084462527416068","8.8057072254989333","9.4271699844048946","12.571836478135159","12.311752723872203","11.919033068069085","13.998158621677813","13.293932616363785","18.482499164385139","15.70448340344217","16.726025374633146","18.19044962104606","18.830410737347382"
"34","Mozambique","4.2359770919420736","4.0559200983794792","4.7883604675858518","2.1235362624629701","2.2179515273300079","2.5156421669901783","2.8748001282163691","3.2139103028903468","3.0641143187164235","2.7231090953877399","2.7957441537543652","3.0315241276956186","3.8217758715684269","2.9750868819083203","2.665702954229515","3.0928505193553253","3.6639533597547307","3.583684051653711","4.0951353447077903","4.766476570954099","5.4174042061075713","5.9729852618840287","6.3850412225181428","5.248778657919102","3.8919704720134165","3.4579523441910123"
"35","Namibia","82.28813257484876","44.971977469648543","35.450524084513383","41.221584070647722","38.947532146735966","47.561037944587582","43.584397618623754","56.923340359477436","48.649443697093247","50.040019967682952","44.8448860246721","65.163256387168019","83.115095889142083","94.51456493624589","97.074419706099164","109.70384538789034","126.40200400370868","140.15462052384339","182.4703550143781","200.21087743583124","182.05632480563585","168.33816960891076","226.67888096491814","213.65410532279969","167.74288425618101","171.24373591089628"
"36","Niger",". .",". .","1.9090337256636205","1.9447883827368533","1.7717005664489853","1.6998256011793178","2.0873953258087461","2.151154229238164","1.7691354223775637","2.1090891566139129","1.6926367050459832","1.9439456227110912","2.4081432036411283","2.4083651658521776",". .",". .","3.5217124760324658","3.351498185739989","4.0722975740801086","4.9193877551183771","8.3954913501262389","5.7561133734089323",". .",". .","8.0391039924884851","9.3207005804611835"
"37","Nigeria","1.7327376876265954","2.8145797486882094","3.0344275444970679","5.919803334273448","6.3342769244106147","7.2125177543822616","9.8782258993421497","4.120367291586855","3.0129796190140423","4.5481959927982309","6.9708256425705848","4.4513951042731978","4.7268851053006022","4.8525311488242391","5.4422956144004422","6.6339374484805358","10.74533592326917","9.7439437860868168","12.549637359551228","14.642551796017276","13.846478224126978","14.076529024101474","13.360870360103783","11.400473456922427","9.265055120248384","8.4931086357636936"
"38","Rwanda","13.215777253591948","14.196417179821058","6.7460340581311264","9.5223674047968867","12.045265602274831","11.847293906793888","12.336281012176803","10.647941357317402","7.6416803760861347","6.829526995254346","5.988447339019249","5.2067358815994167","4.6738165019206575","5.0041901690161694","5.9259407988342048","5.883145525519935","6.9694254008098433","7.5448652945995462","7.271939714348389","7.1684499426216535","7.3959585965307673","7.4540976061082675","8.0154159744435418","8.9051758657886158","9.0017660307162402","9.0900031698367254"
"39","Senegal","13.67081289685426","14.498975026891772","7.7708404883279005","9.2511175947156801","8.8894803494557451","7.6986012854852071","7.9727884416384063","8.1158361111794708","6.3093205741912959","6.7977016344302648","7.1522928921711406","9.0766183629889863","9.8169256685511481","11.056867315989123","12.854390579929682","16.238434321964824","17.77048948331608","17.11621891762902","15.154027766648751","17.30636104224422","14.351173236408471","16.765761396216377","16.491941498455606","14.34386400704601","19.774973876526637","19.270052713152303"
"40","Seychelles","281.93262199047012","174.72870173031444","157.46507853342612","151.12630785987082","135.73610537648733","145.27783267565857","133.13101408611053","138.53852490095929","127.24232056397113","134.01717458104858","138.94915797840636","142.46430985402708","182.05926486297756","165.95232046417476","160.23362426620241","168.10517591990899","122.67395406484181","95.032651905031713","78.305998437747462","94.874501286395045","107.53762528014738","148.40135098349927","331.4520936919368","193.09753126466035","233.42395997350843","228.70306410995812"
"41","Sierra Leone","6.1555555007194407","5.418507307951379","6.1853165096543519","5.8536524215421579","4.3417318252254216","2.2043546391729003",". .",". .","5.1072058526355395","6.3115017548842749","5.4736291252245577","5.4750774716906419","4.2211074403477724","4.1623458296110663","4.791235113967832","4.8337257714196191","3.8352489608589249","4.1845446404142104","3.8803785628115803","3.8532018591878447","4.3982384069229639","4.5773732734667254","6.8949729908308708","5.4202540775857848","3.6231157320038503","3.8022728854458934"
"42","Somalia",". .",". .",". .",". .",". .",". .",". .",". .",". .",". .",". .",". .",". .",". .",". .",". .",". .",". .",". .",". .",". .",". .",". .",". .",". .","4.2159676467861029"
"43","South Africa","93.429508106385569","80.75187041226404","84.392892748757021","78.227372513017471","60.416702735030654","55.297807508105194","42.947155833837982","38.572655937678853","41.36878897542865","38.854414212148747","37.555318348364544","54.024030445391034","64.232796929580033","73.062699726105038","71.025409631406177","70.673150356898191","65.181240040137837","70.485188250713463","81.190180348822125","87.903654969301073","84.712103329678712","76.593043178571321","71.388132492864727","63.105554509657715","56.623589343912748","63.795113603888829"
"44","South Sudan","xxx","xxx","xxx","xxx","xxx","xxx","xxx","xxx","xxx","xxx","xxx","xxx","xxx","xxx","65.120997406252712","66.385925698094226","96.769680044806293","63.066863190379351","64.656625981015409","100.74996436152163","91.347977530260877","87.853628215946287","112.87214439519563","96.945564060151966","11.065418302075477","5.756182477899892"
"45","Sudan","8.4657117660028085","11.44754238265171","9.686830497856743","5.7568147640304668","4.2900017175641505","3.8461284814225603","9.9970061826086454","16.146774130173895","21.550680466610899","13.88768108730471","16.897301721011647","13.524628995712884","41.10358884074072","37.687602781914059","52.135155431427307","75.182239294038368","97.950278156942332","94.514844132010211",". .",". .",". .",". .",". .","58.984507853186336","69.443996074039205","108.13320338341738"
"46","Swaziland","23.15192825432112","25.675006319442048","27.39940172383475","29.943650366258055","26.978542625469082","25.560002910898067","25.079049540911683","24.725083282487027","23.053978575238418","18.328418623550331","16.965428400569895","29.361712183764869","38.98948024392044","53.778032290103752","52.226545186386794","54.353187557424562","57.518338730200924","64.295100674129358","84.82584590455663","87.026086686396638","72.61884735210441","67.670746573861067","62.817944085634721","55.744686027648576","50.071452650544352","63.280817438374648"
"47","Tanzania","3.5601907736090386","2.0862203752816559","2.008061053231728","2.8541869572141669","3.2792083675763415","3.749102788458142","4.1377463825713763","3.8597776981805896","3.9515415378157304","4.2921694557204448","3.8983634370900924","3.3716781375389235","3.33510891964707","3.5394991689837236","3.6278605488648181","3.964714083084433","4.4834678831978341","4.9139291188431846","6.1330529345250966","6.4634886295457683","7.3292064627800899","8.7561169054709023","9.7116579843947974","9.5968109588355475","9.7929952053573803","10.348108830607762"
"48","Togo","12.360846930326307","12.336705448775435","6.0994737039607791","7.2186241312692614",". .",". .",". .",". .",". .",". .",". .","5.3476288050160665","5.7311517544520392","5.8484018865793894",". .",". .","9.2520410068184624","8.7088004011808433","8.7395452150518018","8.8361105284018677","9.1743151567474808","10.282517677074988","11.492734890459529","9.4349525226702369","10.783020978499826","11.338495063049459"
"49","Uganda","2.8055356984632476","3.2495605249331891","5.2305486384705278","6.1800887644683016","6.3858509110142991","6.3850918441022886","6.8603218815382325","6.8622268123821772","5.8780072093908284","5.4780902905492015","5.5288641701816186","5.7232282427114756","7.1101550238795479","7.5906494008037946","7.3952302155106659","8.2417532748923517","9.8489544472496799","8.9566889757451165","17.947323650090322","18.309095428141362","11.82799791657791","11.522186708307556","11.978681487136988","12.061610845103299","12.61650201356886","10.372057343867894"
"50","Zambia","11.565676693817657","5.8977164237708717","7.0670750543822498","6.0484919131088235","4.0275377046563596","4.4858165159729158",". .","5.479980484398463",". .",". .",". .",". .","8.383185592703958","11.575468625384682","16.623178359980702","18.252329011626294","21.253947983443197","16.420588467223421","20.230116314624439","21.669754754435036","23.558020901041928","25.166007867817861","28.397998487996873","23.132546025839126","18.051818435750679","19.870243842069804"
"51","Zimbabwe","27.740677877888221","22.905335494393974","22.299285739215474","23.223671785297018","25.320660356571153","26.592662662509646","25.728832233888202","21.832582551655314","28.333569650958729","23.184228902008019","54.157725375534234","15.418837117320173","20.04302715920182","10.154534393732566","12.320688081094357",". .",". .",". .","6.9779062901963664","13.793205075066473","21.635222930377939","23.693902676049284","23.884490167356894","23.874388835053271","22.170710476954017","20.600361623394789"
"52","Belize","27.234493122063434","31.02165310501174","39.169030217083012","38.90973265752816","37.280157809019265","42.395061505554899",". .",". .","28.773527687362272","29.235804991685754","29.861778525281647","31.777300932634784","34.359029153642489","37.810914758346073","42.246480617168885","46.108419038427385","61.136111247203303","55.004594988038697","47.689267679908454","46.830573039442029","45.200712204596954","51.655596909765507","56.631261835572964","54.879720447106507","59.573543277904037","60.836418179731567"
"53","Costa Rica","0","0","0","0","0","0","0","0","0","0","0","0","0","0","0","0","0","0","0","0","0","0","0","0","0","0"
"54","Cuba",". .",". .",". .",". .",". .",". .",". .",". .",". .",". .",". .","26.406135968856141","5.5070510307650533","6.961660896573556","6.7799100767652671","7.3750837904941839","7.8743771723476002","8.1690791023555125","8.3188130927538904","8.2560435712264937","11.146601589545174","10.461050903995208","10.982633345576339","10.327683665781329",". .",". ."
"55","Dominican Rep.","8.4524080835530011","12.611756240199639","13.021540376678617","10.700132060370718","13.326664132579936","18.455895950718947","19.171396700574718","20.761435816996553","28.824213394037635","35.172576319193013","30.757988128436892","17.373624580105407","16.794298630479833","29.466688643335061","27.663106926327028","28.910508770321393","34.611963821697294","32.848406892182446","35.851416361391244","34.761795922767192","39.01419293724431","37.289097995583404","42.050610320615156","43.502091347109619","45.049449535349652","46.033173615294793"
"56","El Salvador","24.849168811097737","21.27695206196357","19.717872688178829","19.895564238548722","19.540222438869275","19.590877014160345","19.179151207308973","19.697857093277122","18.810046905630575","25.508369182655269","27.220833684746385","21.200579080588156","21.330578133657738","22.043599220495867","23.462480999683311","27.221283887909458","28.312844162668906","30.942066154430726","32.605384333129045","35.639541643520609","36.053870880527789","37.995276427234572","37.158569818548685","39.287265634826767","38.945756803844205","38.696407709616388"
"57","Guatemala","15.836877732951288","14.533610195503053","15.041985641650919","15.213414501632565","13.278368713284976","12.134209560102406","12.557089428889945","10.867828139553563","13.548328444542797","16.50033279312051","12.971585792428916","14.301196638362878","8.9781997841876056","7.9770507409766687","9.7444839291563703","9.9213894390064041","11.887026820807133","10.296759034421315","11.605878364625012","13.207185796125305","14.692274303082572","16.014005282189139","15.428270890433398","15.533400000417839","17.543388985129418","16.7822300332057"
"58","Haiti","0.23603788242675597","0.2190550958917637","0.20846714122406748","0.31699906477303824",". .",". .",". .",". .",". .",". .",". .",". .",". .",". .",". .",". .",". .",". .",". .",". .",". .",". .",". .",". .",". .","6.7035750244600362E-3"
"59","Honduras",". .","7.5188618832003788",". .",". .",". .",". .",". .",". .","8.0410976799613554","9.4055584701253636","9.2671894371760555","11.685707781219833","8.4065103342627872","8.4884883710523216","10.024114673067377","12.444822084570241","16.821307446484397","19.514890785818022","20.76773522030102","23.990421702037619","24.964743926301342","32.896142379473289","35.804784579404775","36.631656824417732","38.953467264070014","39.243900687384922"
"60","Jamaica","19.142149358342177","17.897340764896853","13.616329786986604","13.911197746126255","16.312013309357926","21.205364285049825","18.24340235526028","17.12830849855925","16.397614816291068","17.323194520781175","21.108991646022638","20.219594249398771","19.98445905796191","21.616336925800859","26.318181244250024","30.0893298668367","46.843532524696769","40.943286196623212","41.02335146062866","47.230567394120293","48.446284138818946","45.035068295835657","42.385059807735352","43.125690117739893","47.772336910666652","45.276601075928149"
"61","Mexico","22.516071986998007","25.68757178963396","31.281456287491988","18.213771300897118","21.569862215299519","24.610501651495717","25.10531319812182","28.994268505151599","32.669434283814233","34.348765393551048","33.342808262117209","30.720641442632527","29.244285646513902","33.386641719644565","37.082507819003155","42.739554943480734","43.459328884025126","42.037186883998487","50.266380094002159","54.340309981352625","57.757796100990646","63.961737876296482","69.741346160159694","61.477981724193071","47.198912576687384","44.760690141546299"
"62","Nicaragua","10.897478965210492","9.0838953817409411","7.8309330024616468","7.6145089667959756","6.708122315418457","6.323997731626485","5.394926537442279","5.4403594757091076","6.1321895061344502","5.5273146977579817","6.7350544462189861","6.7368708534949242","6.1449887415051769","6.3434640816366885","6.8410461785334027","7.1480054525571806","7.6252896649698174","7.3627771146196723","7.7160300211584936","8.8592813024342778","11.933245024668445","12.535348533543804","13.533749865700109","16.266421872125335","13.833267388481451","13.486788806967738"
"63","Panama","30.589848362860817","36.202619061743718","37.627836850170048","35.25894887452413","36.19011108790621","41.346334770060068","35.710263404396756","37.560619507895296","0","0","0","0","0","0","0","0","0","0","0","0","0","0","0","0","0","0"
"64","Trinidad & Tobago",". .","18.197323507752852","19.357329564183317",". .",". .",". .",". .",". .",". .","10.960122541412961","15.253993064103204","26.273513070073811","58.804410948060443","75.372269467706175","88.678199107180589","95.283224701862167","105.74837814923367","104.81372848947393","107.72009996140416","109.44112116660455","125.79304708573116","156.6299567584874","139.4513974497832","148.59796650501497","157.69259056754353","147.4876565991357"
"65","Canada","380.096888741155","357.65784025992349","329.95643932947519","312.88377319645872","290.85970149747573","265.69576057592786","256.76232944148632","269.61350939152351","270.02363762654187","269.96434408786644","271.23748885982587","314.8572999819574","354.82618762826354","402.25907485148218","453.65825351673408","527.47352511522774","579.02470060539065","560.41197873892781","565.30412086994113","619.41443013338244","586.00842335345692","525.18710090281456","501.44240052770039","499.28223268665829","499.65267560591127","561.56733828952133"
"66","USA","1185.2240650128965","1144.6688219813827","1096.3586933937968","1049.6770615760668","1009.7230011474853","1015.3909828893218","995.41049918875876","1007.554707731229","1069.9128582951971","1097.9124974239728","1240.7356684621843","1431.6670745818337","1588.4223483062399","1705.5326502246212","1771.6975602469504","1852.8607453529487","2047.4096752640362","2184.3143836112376","2262.1074825314017","2286.8826880246561","2185.4535099914315","2027.3522815458703","1919.6661963755062","1863.2394598651808","1862.6456600193549","1879.304044215841"
"67","Argentina","96.700062099967312","98.752855344715428","108.64958018946909","108.64325461543832","95.402854541873381","93.226355561327395","93.778980162703618","94.458754699776165","88.150510635710447","84.960330684786385","29.405938470614934","35.888698021617131","37.848142066186796","43.416987210098675","46.703866813236488","57.453974786025974","69.064269688693798","73.085677203441335","84.304234553501033","97.269171427140435","108.39836926020189","120.78005076336866","115.8507959632927","126.27588501996667","102.84861986329281","128.31664602400397"
"68","Bolivia","19.832826882735734","15.10857327345005","18.142305181692535","18.602640825623943","19.04296770934064","22.894647007915616","28.49112429797923","21.59971438092682","20.77404799285155","21.703087614610357","18.540568513539402","19.684796502791436","18.832123170200838","18.548463572662243","19.338471418447067","23.437165733183264","34.083296900247497","35.432596248799314","33.011207643655084","40.043146582504114","48.820182452838196","54.26879940840152","59.257306585383752","53.663408451984509","50.733582886302251","59.425826069374253"
"69","Brazil","32.308917244954507","45.184102153219598","66.319094337243371","88.226854717664295","85.337119762928182","83.167226191248162","84.370353468971331","57.114014550922953","64.716690605717403","61.491928938296525","53.64700044262856","45.993024139774846","52.940311893075005","72.698542626872722","86.792539886158252","107.24032174972396","126.71274781791122","131.60254924285147","172.78246504776885","185.90178470238183","169.45970530102002","162.41791126076433","159.9290592187433","119.52539193794553","116.6598250472812","139.91925108914535"
"70","Chile","85.498907878311428","92.997518630051971","104.03863180569608","127.86226841088674","131.33733528915391","144.31619054920029","141.88660285098368","135.51378365591418","137.81658340876891","122.57054214635072","113.90135123227739","130.88885726178427","168.23326740757585","192.00961802107818","236.23818667091473","243.90943775215453","278.59162968824967","231.86874456533667","287.99971595352787","331.52414828196385","315.78174411212268","316.66295484984659","289.70352423490635","260.70235533260688","267.78765147134459","284.44041893299823"
"71","Colombia","31.001071045297838","42.255167685232351","54.452207775579247","69.95726179534752","113.4996452615369","77.336769964556723","86.399586602552631","81.550868019706471","74.941241975284299","79.641987841904353","80.522540775042131","77.774666894056864","94.955563931947722","113.52935669050763","121.51423531842551","152.69471819367982","201.57726651791859","198.89833256836889","226.97052305205978","222.09272581253427","249.69930900720607","264.11122331781388","247.86531549622731","189.24760448928518","178.32212002950874","197.9761368664085"
"72","Ecuador","19.709187666681579","25.202712907678993","25.990313561968904","41.518863155837423","35.86260565025195","41.844888294693334","45.133606573886546","23.873487935137668","21.063307433383727","29.876862976070115","38.632013622948492","55.607388062290198","52.555037152340098","69.45641184244927","68.015132293012044","92.218108074413394","113.92925671473154","132.66377492763561","140.21047641430789","161.66848571440806","167.95279482707343","174.68421223012004","175.21847296302761","160.8926407029374","153.38355629650118","145.99523195927449"
"73","Guyana","4.8458564834643116","5.8880168306232141","7.2336124079347277","7.4761958486969737","7.2957405094695114",". .",". .",". .","16.70733118652263","19.103761448456769","22.147357123793881","21.739945985351149","29.44479458544404","24.644337414577851","25.58290830024762","33.390813255289807","40.895110396584172","41.646697628685217","41.624547242498238","43.274259166844956","44.539911646984748","46.384866245546085","51.455802164017598","60.438506168063221","65.847081769094416","73.717587146069803"
"74","Paraguay","38.250932427587799","34.771886155594167","34.636095282173763","43.464173269750887","41.475039252562723","33.729016884273051","27.36382496638382","22.427298013689615","20.79094936517253","16.886488486175871","12.687906496454859","11.325329230274496","14.80905270232868","13.367098295085453","18.113394742735295","22.190762293754815","27.807442356340566","27.495225787648355","32.94835869086122","45.299661720842877","50.305492970310411","57.412697597205344","60.796012576490391","58.221409235879634","51.035928847047991","51.11796732296515"
"75","Peru","39.786056954667821","41.260225052796201","47.044539707487765","58.799356929561547","57.136167121015177","47.477920490990947","45.310329044565705","38.817187120376126","35.192359210283243","34.432159865781131","31.562667269924702","33.08569982225157","33.807777500147594","43.571950629398287","46.191868560566306","47.102406106506827","52.498601401876122","63.740237018172479","74.180294926058252","79.138733345948708","94.763971092329555","108.14246495380362","103.88217389713459","105.56296970402914","79.81636511767752","64.838694374563119"
"76","Uruguay","116.31761136853439","131.81221148217247","140.69287891989714","162.44771016031649","177.23085331796293","175.84974960599854","174.12648183135462","173.53602484362182","167.39770548597653","157.19630903293046","103.45148731119809","81.045158326041559","84.023437206035865","104.43905809125572","117.92063046650286","124.57413090956024","169.42218774495603","171.60215612128192","223.93791803095385","243.62821806576576","272.21107997031106","306.65576148178133","302.5257034811047","282.64378494591239","286.94015911375851","359.20516183308996"
"77","Venezuela","47.739261720920638","60.571317677209137","43.250851842077694","54.028042215742204","32.37060724972217","66.682042166054131","61.561205092876428","58.599315003677255","73.027493098194967","76.613903652013917","42.165241400118276","38.188889938822101","55.02729524029386","99.513686352219835","133.26723105401831","157.14162273139542","201.14123346210195","141.85936890421956","137.49449832664692","121.42335312910259","171.10472055716593","204.49005813854015","50.579347688395423","10.288485935047609","6.9105947773888055","14.536098374971992"
"78","Kazakhstan",". .",". .","6.5933067548943631","11.081204612218531","15.282020411799552","15.194201420747756","15.80767554782147","9.4889489265567395","9.5320502737342281","14.726504892898658","16.282437422979193","20.848052751682335","27.71636895432033","38.090717610934952","50.54070311954569","85.837107917810627","96.293598236621179","78.5885730225543","91.579824490101757","108.36364531905977","128.68743989342914","148.25863150113389","131.89008017034945","115.28102835229205","71.220938086881645","73.437903267032979"
"79","Kyrgyzstan",". .",". .","6.3451842959700047","11.300440625855757","11.791337508524981","11.689128916262316","9.1414233301466616","6.6820495353494564","8.0157385593314014","7.2208376679675146","8.7714162450952813","10.988331779290206","12.508146425077769","14.919015112952719","17.517348063260698","22.405113441914381","28.373798701335808","27.891074861941892","34.004199125991413","38.253251703260275","37.87056966329105","41.24761912048961","43.659547095038697","39.299521855067326","38.254258363048145","36.860102311301787"
"80","Tajikistan","0.18845414597945204","4.2005177616542557","2.4970618021564954","1.0067112886592253","2.3007868720028415","3.2103276117307495","3.7552957007450583","2.4736605482471914","1.6655308433248524","1.9705988997719506","3.9669519057679707","5.2894932342409238","6.7199713115861659",". .",". .",". .","7.1777117567741548","6.3602871039168756","7.0347469987627136","9.1277612985581644","9.5384465850706093",". .","12.469668030418269","11.202139949377422",". .",". ."
"81","Turkmenistan",". .",". .","19.339348417458076","32.228557315062503","11.323884088393068","24.382964733777953","19.827913493293963","25.060405049173855",". .",". .",". .",". .",". .",". .",". .",". .",". .",". .",". .",". .",". .",". .",". .",". .",". .",". ."
"82","Uzbekistan",". .",". .","3.8795560133687417","4.9283611252768811","7.3913989225083432","9.1816441803800064",". .","10.211273777693767","4.6430744119013871","2.3725329577674898","1.7997278204743048","2.0957148427186003",". .",". .",". .",". .",". .",". .",". .",". .",". .",". .",". .",". .",". .",". ."
"83","China, P.R.","10.315831090142826","10.333468806755562","8.1779109344520879","10.166806102400525","11.650765293596002","12.79115056168442","13.829427099436801","16.486773401836444","17.869219928253674","21.593132174277891","24.747099186408388","26.889019279137607","30.709652579409443","34.74429893290543","41.631890662599901","50.876373791914361","64.237668079295943","78.135276787926841","85.097515645386096","100.89162375982862","114.4491966987665","130.08485274350915","144.42896447154962","153.24888634989114","153.92320904655838","161.92114611733598"
"84","Japan","287.20839042784763","328.9432921211087","359.22936608477727","395.34313754355537","347.77501995085714","320.2048787199198","297.72537498353472","338.65479199834414","356.84364466722582","319.11091604689966","307.52856425010299","331.7475536516385","353.62705749305309","345.1930382739373","323.5351882054498","315.39602757920898","360.64788075718354","400.29941361072332","425.16261692511478","472.83782871170376","467.28349989747716","382.06544132000187","365.79426865938518","329.0183014226327","363.7716527803812","356.02014051019779"
"85","Korea, North",". .",". .",". .",". .",". .",". .",". .",". .",". .",". .",". .",". .",". .",". .",". .",". .",". .",". .",". .",". .",". .",". .",". .",". .",". .",". ."
"86","Korea, South","264.85181270351086","279.14454465607429","301.59506639360387","355.09026268996519","358.60165246325715","321.37765503298903","224.28761006015151","257.21371405144419","291.24670061095071","271.24490875820112","293.75619578242828","328.33396323412279","367.6405960782476","454.94141519337404","514.91568948311294","565.11938259822591","529.72263665514879","497.69250934891977","568.58845406521732","623.01578841813171","639.64615504198298","680.42964895376338","745.29942057712333","722.83301656587821","727.17174746702131","767.96398829776535"
"87","Mongolia","14.727818919599473","6.2111624935856389","7.1886296774665368","9.2605690265726075","9.3276805254075992","8.003011675490967","8.4568366880356294","7.5844415829685667","10.121462908436861","9.5565520584707127","10.346013259045931","9.8543511066849145","11.113720529298783","11.79442078980372","15.320344267657932","21.824483515817267","25.398228373315572","14.104074184181174","20.222187715688936","31.561594485521432","40.374429746880303","36.061419065923907","35.946038651736501","34.165289985976692","31.831063598228134","26.906599419728771"
"88","Taiwan","486.13426972161","557.50516157277275","567.20737484490292","540.32099269788534","550.70070532635225","527.15317418327152","427.47928705936408","440.727903573422","402.95539459213359","363.07237363205348","340.12278105400117","335.00944808684454","348.72377177646825","354.43774502567891","336.40724844838735","357.25629742575427","390.79021817691375","396.35034257951833","393.56704304242379","431.23704214064622","451.2066841433753","426.92226134780043","418.66329161638993","417.41524467840185","421.28534817281235","447.32389573311934"
"89","Afghanistan",". .",". .",". .",". .",". .",". .",". .",". .",". .",". .",". .",". .","5.1872659061170996","4.8952248402653149","5.0725658909692095","8.2496874265012252","8.8126445896168768","8.9939486438842096","10.351182997327996","10.966757592910685","7.7722159105902939","6.8447070043452509","8.1881345159386285","5.9140293247987419","5.3589597916496601","5.3836060567477597"
"90","Bangladesh","3.8456767852701965","4.1430502348483094","4.7117132099428103","5.2237511670948198","5.26890999666744","5.5057696989576259","5.5484135340032532","5.7150611451688809","5.6299677911211505","5.2605818750689881","4.9913091692277138","5.1751411804555172","5.4536469775424798","5.394071876915687","5.7074649992287076","6.4800153998374386","6.9219070851543627","8.3665787088722006","10.67784866693729","11.705005360426819","11.709109247562054","12.997222050259865","14.779883950465182","17.464430319288347","19.881606278983522","21.825550580947908"
"91","India","8.9216811354390426","8.9318465031556702","9.4252931203103678","10.155793191374027","10.118236151087567","11.494708503080568","11.733184437386646","13.431644033733994","13.567733599478132","13.626639391534342","13.534199849845274","14.741494695070186","17.971693058590315","20.166013761934334","20.613069912188362","23.951193352889028","27.567524555235927","31.889242246620888","37.442054122764681","39.795046518578928","37.38278568250464","37.075653059266891","39.350575891174294","39.185155492169699","42.772124974449561","47.733447379725959"
"92","Nepal","1.9018899324977352","1.8228196658540854","1.8810923511539004","1.85856565792426","1.8055216976074537","1.9021092766988748","1.849514866265584","2.0374568606972336","2.163275676681665","2.6778551252725165","3.4765406148693234","4.1255140686036382","5.1621166439829107","6.2138939299043923","6.0618328185138086","6.468677735336148","7.0656704976396538","7.8419914824593429","9.4345105864902674","10.411582704283857","9.2834551802074596","10.042355281881751","11.584679247651318","11.299362898518048","11.095033195073032","13.170722148492832"
"93","Pakistan","29.792191009063842","28.34066993124344","27.725058356014046","29.845785682340299","28.170926339390476","25.720941667074111","24.338769728094846","22.752123091476125","21.462620684442879","20.070748225703998","22.629161014645376","25.204665356980087","27.378878337336559","29.803959131204515","31.632002704691693","33.321749134899626","31.939206614113225","31.574847244570201","35.029355069966996","39.927759899914982","42.037584387660964","42.074439195729141","46.645676940937456","50.076336909538107","51.623129486472891","54.688276097265081"
"94","Sri Lanka","18.419038367181869","19.788809284404593","24.147640716962794","41.851202919168571","41.75378735172243","37.820614389126838","39.494235284943414","33.799917977240604","43.772232960734478","35.690507837570792","29.993648781577022","28.190837105065295","31.968216679740113","32.994950518774743","40.238178175055438","53.24456336632614","75.773374958581826","75.826941513675322","75.849061015338577","86.237222484211046","72.212228255703366","77.986224953377132","92.834904984090088","99.346453273799014","83.72994782382608","89.406613006787239"
"95","Brunei","918.71087507045456","830.31219720888544","904.50247902195338","961.46085767730278","1077.6519751089163","1182.7751434187933","920.91727841229874","791.97637031007378","732.81859668181289","639.97959286635626","652.07249893781272","688.68370270400715","554.57133288006753","680.76854344834931","792.53602574493573","862.0116917587568","954.48154389223669","911.37373962841912","1005.2939057862816","1054.2076757993045","1028.8018300205076","1015.721045643135","1281.9531306986985","1015.5194906554681","953.14343404232784","808.74558119499204"
"96","Cambodia","6.4744281026326318","4.4768282489623399","10.397935954653454","11.55493343038804","10.34251250998244","9.1555152133300624","7.184502607905201","7.4196149627139354","6.6675017290507164","5.7123237346279687","5.1590118078413285","5.2536040602979561","5.2986910375903049","5.3472491842591721","5.6314798722893089","5.7773780461439976","5.9530038435893537","9.6939475948659144","11.731146696988381","13.217837758830518","14.705806207222471","16.206822976632054","18.20266274683091","24.574385780202711","23.456814758931412","28.958788759542362"
"97","Indonesia","10.053125173783496","10.128402224212183","11.548265918463409","12.585198069849389","14.380349988075606","15.931641717672214","4.7283841862229457","5.4414126706148531","5.3396073975502532","4.2843582327123677","6.2979603385428904","9.6794061661985502","10.862203376032189","9.4669178540899637","11.363972980291551","14.373023254067128","13.686535080228099","13.806520175001584","19.228461489480445","23.760063996241588","26.241615004755353","33.265695832463017","27.159585274643657","29.590303178888227","28.2840732543517","30.978831232197987"
"98","Laos","22.719761008023568","23.283032621340613","24.492842419910811","21.373903126676616","15.824615207623463","13.262989139418476","6.4748097633500379","2.9349578055300589","2.5740067744863353","2.3223590096764184","2.0802345951571812","1.97383869232078","2.0296150431147324","2.0795853959593487","2.2926566727374396","2.4940162631188394","2.6879342783013871","2.271380487347944","2.4584901256404645","3.0014777955806782","3.1686082871819337","3.4918040341320502",". .",". .",". .",". ."
"99","Malaysia","92.912561923236183","98.661268407435387","106.09941727913156","119.24992411000095","115.15611324952368","96.872524629496283","52.396011459278938","73.414039427477675","66.12541257218021","81.627126694514928","92.479532851515117","116.71649771834596","112.14529557875682","121.60606367964853","124.9331252591162","149.12342978184847","162.73041705296552","143.6248033450199","137.10322025400095","163.87157969507658","154.51428003909189","165.47508770932779","162.73793089811082","147.51316563173012","133.68835005271964","110.5111017563593"
"100","Myanmar",". .",". .",". .",". .",". .",". .",NA,NA,NA,NA,NA,NA,NA,NA,". .",". .",". .",". .",". .",". .","58.235714571815663","46.007231913644006","45.699233221898915","48.705949230921625","46.436111655087522","32.012029943231511"
"101","Philippines","16.578342635299474","17.599597194726929","20.402636866799369","24.348608683191134","26.303786941007587","21.576024186849097","16.407827735787148","17.567333328447749","16.707930128693068","14.085226319127207","14.739906607139975","15.672112016749752","14.681665953206609","15.910919447541641","18.304087258150012","22.558990908685153","25.02323168902835","22.942582497906372","26.01384179786583","28.353805280231587","29.924494104530098","34.291150210035298","30.999585894607218","32.79268949215593","36.020466595135794","41.726743393606483"
"102","Singapore","731.21101323579978","754.79308937469398","826.25544834389757","1055.7720674867669","1149.7715567849848","1221.4687320585479","1196.929420140099","1176.6972881253139","1106.4821641047126","1072.2479495015541","1096.0756347530985","1111.6384077706405","1154.0847362579495","1216.6064823934992","1264.2351737118513","1377.3883562672841","1536.622677976949","1518.0212533607344","1598.0387691095373","1723.7709623404555","1740.0912734825026","1743.3248748820413","1761.3803142364166","1695.2821148046685","1757.5014211867474","1786.4267205899162"
"103","Thailand","51.20813449538776","54.078741662638762","61.30782787697769","64.698438151527881","65.468842530071882","53.641383357029007","34.258649882777299","33.01167834467455","29.877201088916873","27.143680608917474","28.295673609572223","29.30093710491661","28.721126947993476","30.332114208927486","37.097577197303089","53.215525474404053","67.111624578808957","71.763168147354463","73.835857288309441","81.63739446646845","80.949191096402359","86.6015778305662","83.748241707136799","83.382062744523168","85.332487366943994","91.75428788515579"
"104","Timor Leste","xxx","xxx","xxx","xxx","xxx","xxx","xxx","xxx","xxx","xxx",". .",". .",". .","8.0176602850117504","16.311899151361644","22.286949997793371","21.937464637189155","33.406866717764593","23.782637025714884","18.143687755352744","28.863377018569107","26.751021221480521","24.425839411484365","29.782179685844302","20.664932043059231","19.62646309411862"
"105","Viet Nam","4.6811220618701848","4.1030130657785406","5.8348939291582438",". .",". .",". .",". .",". .",". .",". .",". .","10.174670063610439","10.955524784868379","12.174604286224692","15.11880436237446","20.773383850248702","24.653209652327032","27.424653144584951","30.204708384524146","30.038253561447377","37.156334872210628","40.735977602461588","45.985471824540504","48.760885886321738","53.055419507260702","53.106667870189831"
"106","Australia","393.5784082206066","380.7116485917727","417.14512616148744","424.0740959803727","448.93377468959983","429.77376999071242","380.79430780298622","411.90651610035388","381.50752639973359","365.52579770337854","408.04561052011348","503.96829600689506","601.31149723647036","654.07687850617287","692.13824319817388","820.48582827400628","873.0513496372746","872.16999982579239","1049.6214122948952","1183.1599853423095","1148.7492029430066","1072.3317865634729","1098.3630828774315","1010.3368781763781","1093.55522135505","1123.1775187397977"
"107","Fiji","41.017936584886321","42.437075840912605","43.968557268696379","44.745760999589962","41.876534918302447","39.051711746220079","28.237540129147323","29.524955819544186","39.495351281754743","40.298367052334839","37.899528458809399","45.67183353958432","57.186512530726993","52.458576897375195","65.344995484445718","90.531662577829508","63.539804373623511","60.196841333988267","58.618470509294049","70.103227901048754","67.790507747329571","66.053525175217104","52.019769035597839","47.54587904790116","50.252350310680718","50.74303785741764"
"108","New Zealand","248.45959063237368","243.17487135201344","270.34402180895933","311.95529072412893","333.10619659406825","314.70548591012147","256.17415699076071","254.13115526614988","222.44497069678206","203.8512147271814","218.45668707821849","281.65404607250287","314.95716612111539","336.07053301179684","349.73240487909305","404.89837078924626","388.29280662379409","375.39501552778796","441.81249654511447","470.78297264241183","468.90477841202107","472.40577379376595","497.98516620493939","421.22532390331452","449.1368951542641","494.74005435327575"
"109","Papua New Guinea","12.913552726982985","14.748333625354318","17.45184539231046","11.524786952354802","15.678618424070523","15.433168987890669","9.3968740020996222","6.569959377041986","6.0311634435575536","4.4139423862084444","2.9034363664641432","3.2121142366852209","3.9635903695849932","4.8244040515368596","4.8387403738520076","5.9275138317261105","5.7950403113873934","7.4916975661339134","6.5185799707267051","8.8306593854897883","14.887044375066019","13.842059699145352","14.489252557801866","12.606420303350752","9.7775395556879108","8.7148502915465009"
"110","Albania","9.7388706063925792","12.31817558235802","15.808948601032796","16.386175644736383","14.78330708753394","9.6427729214576452","10.837841288516287","13.732358065770866","14.53008946026768","17.048395072493776","18.803721447471769","24.47533249244719","32.579277273287104","35.769551781800814","46.158684392724943","64.433300773086842","85.463831783353356","61.680518355374787","63.217704999982608","67.314569014133454","62.740496157829284","61.67073161252555","60.983940230850727","45.273599481292095","44.715516616712797","55.442454237578829"
"111","Bosnia-Herzegovina",". .",". .",". .",". .",". .",". .",". .",". .",". .",". .","63.834173103372663","53.524640991011545","52.91857171126459","45.82929334223838","47.1959466388859","51.682481477072514","61.986516271549029","64.718379828210217","59.083967348459176","57.437249837644785","54.093703802565642","54.817543313023236","53.387646625345333","45.875981630021144","46.765891188287547","46.945324278545421"
"112","Bulgaria","29.479454588957289","32.961509098682939","28.554912855420419","37.133359778349067","25.762138666287953","29.758591086931684","39.371611865490685","44.282846247219737","43.930052757452671","51.194904210165113","57.964083604319718","72.919368894960911","84.040554695396708","91.027530788206377","98.491342916852304","136.40295822444534","138.2165356642293","129.19129403053026","120.66401164168703","112.69817139340162","110.46333947353305","123.80491976064808","115.7158919722649","92.073487417895279","105.92541445682583","122.3315662538588"
"113","Croatia","165.2284941438711","248.84045754371834","348.92474291905575","446.28431870947497","423.76978870640517","396.51952104463527","317.74175546187746","232.46147945219465","148.99826229395416","142.79779490177728","166.90421945362925","161.63314545218006","166.71540641956275","182.53780186606937","194.34672456041866","224.39111509936572","297.75497131932525","260.09597980366453","234.71366505593284","256.51956253637104","222.3471156966863","223.70173964226285","212.94630162960672","177.8900145124687","166.61798057550044","184.25593212814786"
"114","Czech Rep.","xxx","78.732278349543733","90.554083826062666","102.84857691886454","108.58569441063418","95.59563200016423","112.95598670164877","117.00527863221379","112.47227876327295","115.12963059469187","145.75950138575058","184.16404687112782","199.43149090249892","237.81406306501577","237.90009657418793","261.44501211198491","280.00321700250106","259.23521451810313","237.07622920574164","234.11675487545057","209.7536397683352","202.8211104528323","190.86458769780893","167.85431334555648","184.23756145849009","210.25265758326773"
"115","Estonia",". .","8.8347033853413937","17.250604717641409","25.361394912266281","29.22730868736117","37.619798744590042","42.606639511324978","52.57238895929892","55.973580785372334","67.411500302294485","88.281410030257035","124.85308484106972","150.31786547968491","196.18790849350026","233.5876040139168","330.48639953598604","377.52876607710863","325.14681145909867","249.40372198765081","293.0015234972775","329.71673428612746","362.68838404941215","388.45188990519699","352.43778093832043","379.18125468101186","409.51826335238684"
"116","Hungary","78.386596960306761","71.03181270843038","73.095488675414586","59.149217322662459","56.641103734735729","67.511007436504187","60.161056093708346","68.580029551690089","70.037578798461723","82.897317967325847","106.13379315006134","138.19437326527594","151.5175443505407","158.24055733628916","140.22337057271253","177.22307895947611","186.95224919255492","148.19025647887301","136.06387826437233","148.72090246251835","133.97366144151411","130.06404914190139","123.2814216790602","115.74866852902268","132.12744441256191","145.51880895581218"
"117","Kosovo","xxx","xxx","xxx","xxx","xxx","xxx","xxx","xxx","xxx","xxx","xxx","xxx","xxx","xxx","xxx","xxx","0.53064198001590146","15.456989787186171","21.725829265055424","28.459010335701734","24.036341614981946","26.729677591327707","29.386401081250209","30","27.263844839567586","29.824286078940155"
"118","Latvia",". .","6.8501376385130373","13.327588786216367","17.365278023130426","15.392347001499777","15.484564537721615","17.354186734270098","23.491076492675067","29.356500943671801","36.870983647892992","63.119119029908603","82.030662745558899","100.64410526380702","121.02716396147974","165.2982601943437","219.00781669476748","267.85642165781371","169.58361292946074","122.55344611669521","141.85707154695908","123.76285347630628","138.95097802609098","146.68186013551289","141.86455788929493","206.47201787878072","263.45675337818943"
"119","Lithuania",". .","5.6583386442164114","5.7718547426805129","8.3972855306427334","11.72668987400607","21.120957433495423","38.866337771329519","30.162831118181064","40.093265388003722","48.040702242072165","52.683425635197374","61.745951570152307","80.104213979494659","90.848119804306819","106.4288147216799","135.5804158071447","168.41462311105295","127.75486171651076","104.46270737509018","111.88913319334107","108.2005480006989","118.39259478702888","144.13317629146906","160.72064129486768","218.72667721526958","280.86113569947133"
"120","Macedonia, FYR",". .",". .",". .",". .","65.6649754996577","41.635434008491423","39.258972845961274","32.719381923140325","34.317031592236688","110.7785146049234","51.8854624075327","56.406805855240904","65.752651636605691","61.644119976512975","61.076112789823434","78.707597566492097","83.515524937804088","76.70832652341781","62.789887622935147","63.917719267648458","57.573929538398531","60.945209731774902","59.776368019999893","48.085064629364226","48.766370762161955","53.681207479654987"
"121","Montenegro","xxx","xxx","xxx","xxx","xxx","xxx","xxx","xxx","xxx","xxx","xxx","xxx","xxx","98.658343659306979","100.91386575260486","103.61926155685299","137.00208945311675","123.11654759945903","120.28939009530683","126.90803947279552","108.09979996650897","103.39158575507169","107.6100301151846","90.565774834491776","98.17543585504724","118.05702377403223"
"122","Poland","49.275923118802524","55.447242033813581","58.669017671062896","70.719804925671426","80.081245043124326","82.832941741947849","90.53938811594962","83.672552128459259","81.610021155400958","94.243721406048891","98.121996175824862","107.97056493257644","124.4561812410773","153.70164474759198","172.64566765692106","224.08633864565584","243.9465966103993","206.23193264414252","229.36821037769928","246.74293638936996","234.53673406716746","242.12593721183532","270.15740123333569","266.89469390844596","239.74707749937104","262.23471712747573"
"123","Romania","35.579843067819333","31.065173504752288","40.520813780891324","42.810180250870523","38.346119618367062","47.487961931676665","55.847519478732025","42.863205929489439","42.279654670316198","44.834952827283047","48.325404709227151","57.542096744635096","70.870838828355147","92.201646764626346","105.98294536477233","123.9625490451369","144.10416600279837","107.92265964049874","102.06384754878356","117.27567892922195","104.25163052081727","122.2089105586134","134.75721540898815","129.83062655749052","133.69141165427254","203.46363625262785"
"124","Serbia",". .",". .",". .",". .",". .","93.460925871849966","66.310201547587823","76.985622431498072","35.528487229532701","52.485635555679522","72.547108012388733","78.531378106750992","79.838483525131934","68.312740012129879","76.860405714081764","106.35443949499684","122.16332604737532","107.4809381783828","96.607648758830393","109.73827742904564","95.302462662740538","103.11521732389133","102.80226447911527","81.813238332861431","80.543200912162405","83.171861736348362"
"125","Slovak Rep.","xxx","49.913662811826754","55.9386978854847","117.12886178115357","119.1430138120657","92.656391161254561","73.692956020780798","60.612610191864789","63.402369151132497","72.962251953347732","81.49013640015805","115.65215535683592","131.73462330405167","152.4947393507945","168.81795039808884","211.02736065826079","261.48322624176308","250.02123591397819","210.51418290663241","196.83418229265286","188.32690638925644","178.41473068288741","183.64311081488816","181.25718940458097","184.24098441492052","206.78461103099235"
"126","Slovenia","140.3246345382087","115.10763445294312","119.23665536417074","168.04405126373192","165.89968488106388","146.27356846697597","151.48061255907317","138.22830545672736","111.83890804344099","136.53980784493021","164.44472304083232","209.60989945851892","247.63807561085807","257.56534248773772","303.84094617301224","343.99875669449449","409.66601117322881","392.48266807801861","377.51671623560924","324.1784362270219","263.783272351964","245.26318769795645","234.78090846780813","193.1628076442353","216.1729407899567","229.54969594785081"
"127","Yugoslavia (former)","xxx","xxx","xxx","xxx","xxx","xxx","xxx","xxx","xxx","xxx","xxx","xxx","xxx","xxx","xxx","xxx","xxx","xxx","xxx","xxx","xxx","xxx","xxx","xxx","xxx","xxx"
"128","Armenia",". .","2.9228300412321278",". .","16.233457250432991","16.542522697570671","20.44697183240854","21.474544552244982","22.089275833043519","22.169796749740563","21.715869693460832","21.130053410634659","25.378701907041741","32.683495299805905","47.207606812141151","63.609638813963961","95.500627449295379","136.16382716653166","124.45521524976721","137.2849538294013","135.92781211942591","132.05481581252661","153.63762804992345","157.52662282667967","153.3724635344517","147.49516502975166","151.37962201743579"
"129","Azerbaijan","1.4815591495677238","10.224455749127575","5.7189499314123644","8.5088545520049461","9.115442444754132","11.618791040542597","13.424799424348327","14.931749130580151","14.721096205731548","16.098471220046147","16.901514850865279","21.115247211106219","27.015365065537697","35.664074174777518","83.093354617783135","108.50146809471993","182.25073599946009","165.04289606542085","163.47808061195855","336.75457750093898","350.36715521902534","358.81396150311326","360.61263650658475","306.0464350857485","143.64165536204689","155.56812482632844"
"130","Belarus",". .",". .",". .","17.656895939047189","18.08332303448919","24.75753293150191","22.683614431159608","16.612091905870162","14.126407102734804","17.998434484509634","20.83832840989637","23.774391850156071","32.480851594562161","47.049009530648441","65.987300329559787","78.321685618838046","92.878592628759819","71.200662883899199","81.040170171273189","79.872984240417892","86.264060956692333","102.44939976580089","106.57278790267659","76.288988915231187","62.996300240230092","66.658520137766587"
"131","Georgia",". .",". .",". .",". .","13.690381153611559","9.0156671263362167","8.5145851330996525","5.4225355027794659","3.9864583293892024","5.1004155833976412","7.3463110479141358","9.3135267909390294","15.533781638255686","47.714072793091596","91.052375603961366","212.21800172546446","251.15925224648134","140.78778321432648","107.32859157559113","112.3833269490659","119.77024946412671","109.21620277682192","104.10982068746905","84.282659775796617","89.285217136036536","85.038287515002551"
"132","Moldova",". .",". .",". .","3.0757172608038315","3.5586741051066761","4.063251188062547","2.4952816873106998","1.4182286499970562","1.2117805551046124","1.4244077651419911","1.6708196789970604","1.9768557870677439","2.2508995199152406","2.8766824377121765","3.9687742644835318","5.502641128618488","8.9617385880336133","6.08060157339004","4.4891182674698591","5.6327914704862332","5.8595515735808403","6.5596164735983482","6.7729808370375562","5.6694362969020808","7.3052277110532442","7.3404648922718243"
"133","USSR/Russia",". .","52.325326657278978","91.285643814805951","85.924399680583292","106.88134834468491","118.95206708779799","53.980705430178723","44.031083525240845","63.035682282275907","80.12318514230904","96.035238097443127","117.39651340761628","145.47864031194075","190.34481791906435","240.83920762993336","304.12121418815769","392.66518010431162","360.13083399094199","410.18959542586958","490.26643005005968","568.04532706873101","615.28273535331994","589.1464441409139","461.60003848532733","480.98873825233892","460.69241781608287"
"134","Ukraine",". .","2.9665019355057742","17.967800609014173","20.563392790261105","28.960735644395886","41.215625141974556","28.245263628284992","19.106779295753746","23.274261340619791","22.48988201307494","24.517835370191076","30.01193724227889","35.687804404986849","51.298392485077422","64.064920333592383","88.302683061870155","104.16522460982603","75.063384968248243","81.443550299687075","80.846643053444353","91.222697502853421","97.226794463641767","89.862377492197311","80.991535104775608","77.034039881068381","82.481277822668403"
"135","Austria","273.26569155170768","268.00458924096017","280.29469844464359","320.12462567039734","306.55338569113019","269.49281221302766","268.5962658123301","263.86159849807018","238.62827324213652","220.90071344893173","231.33162437921999","291.34122889248584","326.07346342695428","325.45192052536794","318.68072574910559","421.06705231726596","449.33174142496028","398.41574669299916","382.68379797537722","403.04681122328782","374.19541970920483","376.44531434150821","382.8420052405076","307.12237867262047","331.25596924194002","340.00051361247858"
"136","Belgium","409.92823074636863","370.21084490876677","388.35498912828166","436.76434532548524","415.53210190899125","360.34540510138743","357.93507772296226","350.89140682561219","310.3282427797879","294.21745145719507","303.63540132457223","371.98251932811507","406.73816073018736","400.89791840815354","405.65640209010485","482.71262116744657","584.07278408178217","517.54327580364577","479.46299050986477","499.34890750088783","466.36662745451622","471.96872342035613","462.73597297234636","372.26126027625264","379.81670330538003","389.23944782873434"
"137","Cyprus","787.05973329187407","327.66649643194035","356.54708088151938","349.35582792125075","513.01134654173507","599.35590609369387","532.35007781214233","313.12603743730676","298.06482260269797","341.17807091207391","248.20054228655258","290.29624271639778","334.98734802867722","370.6243019072412","370.82767528723582","380.90796048744022","419.5807864747004","429.25333136553735","429.25078537512394","426.49394661883372","365.17504897663019","336.50380895286042","310.51292667956602","282.42549215439664","270.85035942252989","334.64541473483894"
"138","Denmark","548.7117992498778","516.69130275564123","521.7071179359591","595.86136469216592","587.30869037150217","531.35101234202864","536.95506268033375","523.29942122406828","447.93557979487173","471.2946257248787","501.42979299136715","593.86995203797369","662.40806512928202","639.73507210843115","715.74463575761092","763.3794176501915","870.90008282379245","784.83620496152389","810.73242141674541","809.36645466675327","788.22421668470975","747.922038855869","716.26467327797434","591.3566774232163","628.99329707675588","661.85786873605969"
"139","Finland","411.49383789218297","318.51183257916824","344.57633112891716","372.92145784082135","393.57706065109977","377.93062575550965","379.47656481179666","319.53801481315247","300.33713669734516","284.44896691396963","309.09097086397259","473.50506448942872","551.85731216897057","570.34278072363281","592.79506940611486","622.22518667157601","744.02091130714803","737.57176413296406","692.75652733571133","760.68319204921465","728.47857523303412","765.3915496730707","729.98442080208861","620.05765217880219","620.5572117206076","651.27583927247019"
"140","France","784.79062314296584","737.57044081273511","765.51140402970384","820.16897453885974","793.2253893440934","702.958908097159","678.26193381936707","655.76185454692154","567.27533218486576","555.43255408335597","604.4647238389673","758.33031020136877","870.58590177288113","864.04377044983198","885.10349392909848","977.9544511036662","1059.0390933865131","1066.943273742143","980.24660814963124","1019.8496876727226","943.35753641071437","976.48905236002042","991.01007756710533","858.58725899893591","886.24540960757122","889.05086253252591"
"141","Germany","524.27047425811782","462.18345054251461","448.90420373223299","506.62726603398033","478.83630880807971","407.57826429948591","406.70882710879567","400.13942824329922","345.45055383972232","336.35828426689415","359.42331143605725","429.14178383416231","465.12029543413917","465.94155523342368","467.15989385653484","523.10696404422879","592.64002053651257","586.29919743502523","571.79855529748932","594.81009028092581","573.245752902493","565.19365041814569","565.74874665571235","487.25558153177786","507.59520680032119","539.84899962480767"
"142","Greece","346.65662225056292","318.31573474557501","335.73289825257285","387.41013700724488","423.96883429054293","417.24889797267559","437.36040673096426","451.95359987743171","409.66376738922514","395.91791633721107","422.06133988759831","447.86370213866138","556.09619216120086","621.9185666188622","670.90047523819169","749.77308538186321","925.96018942493538","929.8766271974423","713.22871053472011","624.0681047368131","519.85013375931317","499.51710808124636","491.02711498527856","429.50679512769869","443.81352892048744","456.44198197022138"
"143","Iceland","0","0","0","0","0","0","0","0","0","0","0","0","0","0","0","0","0","0","0","0","0","0","0","0","0","0"
"144","Ireland","187.82705551594648","165.77351627693977","174.72690908415703","192.25826413834869","204.08099512161451","206.14489818726835","197.94382005682735","195.35495511778657","180.49238882095619","196.39826546626813","204.02343615374414","238.34764259782696","266.87518350856783","271.77417807849207","276.61556347018814","312.00604677456369","352.56920708156707","309.91802510855541","275.39410346483095","278.88675924008237","247.43539540692558","255.39766606050483","254.51245740535211","212.12403376841061","211.93268885942138","234.57288674529724"
"145","Italy","437.18907656140811","359.37748234003283","355.68651115905834","338.40174201519307","409.61418029322647","397.37593207065873","410.79085133856091","414.37334805324303","391.1630179624301","382.67183631688295","421.49387027903231","520.0867440199014","583.23584608446345","570.08936335322278","565.4742116763789","606.29897842196669","693.14258853039746","642.19009745090557","603.25474458992903","638.05282383576082","564.71771000756644","568.0082108536177","529.86640310300572","425.08974227006149","474.60666744968216","492.52768686892472"
"146","Luxembourg","314.81692674019502","272.39535249892486","313.09562599840825","348.54137796720266","341.7772062102008","319.24778208176406","336.1405505419329","326.38811016871875","293.94975837348881","364.1200531365696","345.71908265109352","444.06037601072501","519.40312982751698","532.37735882508855","530.83679282271953","602.5660677274343","487.9771742968627","449.26306948677865","539.75461673902794","494.21456624197771","446.10978434409247","474.84107686915985","501.54770499531412","487.25089473387703","452.85460380962985","544.90975868342423"
"147","Malta","72.017447580953146","65.9142862496996","73.925248247061091","81.894426723635348","86.774321275259496","80.432597656881171","74.451859075241117","71.067204993940678","63.917301248635042","67.941834911011952","70.778665489090699","84.634352744851668","100.06362652700552","129.05762307444041","108.75783131918534","120.05970188352585","135.95902033904008","142.76252946038855","141.13804025410735","133.59831554917517","118.63905403102255","127.08788478431698","132.79808237577811","121.12878472768612","138.98044770980613","147.4816235526136"
"148","Netherlands","521.20751681320996","462.06878369391097","464.39703775967814","517.94781055871636","503.04417218234278","436.8527175666772","434.15712438679861","443.71337090206964","374.96779697213464","387.08626638575601","417.6291564788595","515.79308338635701","575.73585930209595","584.52298515896598","621.51020468667923","695.48303607662092","746.87957087320478","729.64852767665684","672.5756221210836","695.93912984454505","617.34839112807413","607.27096872961238","611.78193401361409","511.72477663985319","536.59056082649317","589.85150317855766"
"149","Norway","886.08567891099767","735.63566091939981","783.87678620406939","803.30772962816786","805.10702213450145","735.9365774952845","747.59973715954311","739.65027444864404","649.50103203258698","655.73267869520123","894.38001655559435","988.49238780719452","1062.8866636994694","1054.5166416566356","1072.474618742174","1244.8572648829179","1335.228647515986","1283.4830278191932","1330.0903212030946","1461.7729594848222","1425.369554166291","1455.915450024343","1426.7762405934025","1118.3483814880265","1141.3385912712924","1238.001171326227"
"150","Portugal","253.022646125862","218.02178160518926","215.13802075635326","263.07303311821306","255.1755292094191","233.43251142740428","227.3687761017091","233.35445701626523","212.86640173174979","223.55434773796281","249.16825039549087","296.536610382243","353.28047900060631","382.30440919004968","383.66061014187653","410.73704480665862","451.75128973890435","464.29684913190454","442.99491515887854","461.57564228068946","390.97751184663275","448.73179792900947","392.65419707899241","342.22105981239417","344.11762259470453","365.40214406950599"
"151","Spain","310.00979411928313","253.32636588499241","253.81069851537481","286.78273886637686","282.29211907594799","245.83874240239422","256.4591627994393","274.14401648485699","251.1698572261256","246.95710859145697","244.62812463297499","301.98134238621719","352.06162394413934","363.23270190268448","385.73532479598822","442.03488134473122","483.23439230052657","434.1648103342726","421.27297700047745","419.86351346505182","402.51106022449846","369.24759894811592","369.25783922376678","327.36245406569685","302.37697080822284","350.06158818804852"
"152","Sweden","738.89972173724755","572.91490254936514","585.85668777842386","648.42668161567292","700.22612026989384","586.68447689639777","578.55632088632842","580.262527469156","539.25177522504305","463.94044073000691","488.14285249887661","592.71481158416339","613.38358539739261","610.54288092302829","613.13120049695112","696.93897253872956","652.25319410035399","543.61668371277005","626.81900903011149","668.16179228577721","654.41069757806838","678.99841442661204","676.56762044274262","551.75780306209458","551.71852448577715","560.96195704333684"
"153","Switzerland","607.16295532689753","524.00206420989468","560.13907542348238","661.87140199314717","600.38861828012853","493.27901454090829","491.10170075908206","440.82633003332649","390.6863645548961","383.69793004288613","397.94740272431761","448.48950802994943","476.88880791527805","470.2418252175255","444.96622008860737","466.21423700895963","536.01863306123289","524.16439613195928","525.46260056264316","627.18786919155082","571.75722828193989","618.84733905818655","560.50846456815202","543.41375455481398","544.09548388412372","546.2989752380256"
"154","UK","709.19673857363455","591.2506799913906","596.66258633209009","590.70050996369127","593.06877448161254","611.4295216699544","629.70924749089022","620.5171632349311","598.03744976025212","597.33423175342034","668.24311328536669","787.89505501542158","901.24553254860257","914.82059537499947","945.4001251315899","1074.4354793608484","1057.0786917000135","923.3453554956975","917.48136602764293","944.50177298967537","910.43356073954851","879.65320503131693","910.28584323876169","823.61759108039405","731.41794376179632","713.08501620192294"
"155","Bahrain","533.86017841952901","520.79177332316863","517.79600006751684","537.86061242205892","556.11941672651301","540.91827717260503","537.37356900018767","572.40525356048602","540.22718930309816","533.78389981480132","604.16261238582263","662.5788602042486","640.97870166225766","577.27884082695914","599.11700753492175","620.2903505188882","645.92972170092889","698.8786682534369","679.22069411116638","808.52358799116007","909.21811594820701","1024.4755312056257","1103.9129520994202","1051.1470064953983","1056.3887242078915","935.83242928927143"
"156","Egypt","23.583032129688632","24.906575653229851","27.432424180721657","30.587707237731486","32.58324921849519","34.27984917529723","35.205058545163652","35.670957193886721","37.589030768542443","39.791913418566892","39.988479220271735","32.222929458538857","31.43650687856859","34.637976406219941","37.775794799912738","41.576847734766595","46.691774415940522","48.716466458609034","52.400569488556933","51.968579073729664","51.90274137480619","48.546474363318566","55.385888486156702","58.387689978022664","47.163598449186644","28.432860996346914"
"157","Iran","338.69392480757301","24.549038866778076","28.516835020532881","41.296204619101481","57.661722103497077","74.028757483740762","85.748183417655667","102.21354528077576","125.91592887086763","154.68474612843866","47.715977331982167","54.017176299732938","75.320878528399064","96.514771047208072","122.86586048940211","129.53990003139501","152.12942212124798","170.78354181884345","181.86569824241394","189.12926424787582","215.73828957857052","154.93158765893639","126.27174189131138","133.42621840095862","152.76968532949968","179.24532272502051"
"158","Iraq",". .",". .",". .",". .",". .",". .",". .",". .",". .",". .",". .",". .","23.320818788540222","41.478853029372971","44.627227241326544","70.09222956830493","107.047486553052","108.28624086941997","121.99533398923529","134.85754503049742","126.34225995862549","229.61825648844828","197.716217262626","265.92990232159389","160.48308965491458","193.76771141478497"
"159","Israel","1702.7051847070491","1745.304279063487","1681.9703396199436","1670.7909413368134","1738.2560158072165","1712.9946906816244","1579.4353142731793","1460.8015126092516","1557.260776537322","1560.4501437077331","1611.6001340828468","1698.9171766704715","1713.9028150214913","1647.7535316572507","1705.4668215597649","1745.7824022379782","1993.8446750209739","1925.9015597343766","1962.4654914022133","2156.032417932965","2019.1540503839881","2212.2479668939659","2327.2059996932971","2103.4325451918212","1804.577130592447","1981.4806351428126"
"160","Jordan","92.673169237255138","93.362914542682418","92.781480310581969","65.568513037304868","88.519169650223475","91.941883425740102","100.74731588371353","102.09352501458467","103.72792668407327","101.84432056024102","98.697486812436608","113.37285437162299","105.99436735994877","105.64497903740615","118.22110779610527","166.70567021386705","209.30983621806232","229.91983410851387","216.90374985814779","210.53475021453841","184.27318729631256","171.74015096098219","175.822390485314","176.31579103569126","187.14197534896908","199.92246312406434"
"161","Kuwait","3294.9490475600774","1676.8912760380742","1980.883541222775","2292.5112474137504","1986.459564325874","1430.7985858304864","1242.7641045734888","1168.2551902672278","1315.1712460792446","1273.2495376328159","1316.110852804145","1443.3269249972222","1562.5969579982079","1541.5015170360566","1513.4312294138401","1644.0522062259361","1670.3522464925948","1493.0692739129815","1445.9922067072555","1690.2037350802357","1749.797864310171","1583.5068322375153","1541.9238295676503","1457.1730355718437","1590.7732279854954","1651.4129691115386"
"162","Lebanon","156.91282248170248","156.15376732586998","214.30271851609766","246.01619642081775","239.54431630259865","219.28116464105545","222.82685165199325","262.83074655434154","287.45328465092575","285.29192153076104","257.59428737894035","249.46428888059276","247.08634704252481","241.42374226204251","248.67345037539206","281.96461342640544","284.47398042743424","340.93931034958047","365.54179396616627","354.49074631399452","357.41853809171477","366.88415829950281","405.1317023110559","382.70941307991484","433.92724690664664","401.33699107405596"
"163","Oman","1019.9719283084601","926.54108239888569","943.38187568348735","915.70163162438701","856.74610177064369","878.34320255712635","780.5083684417009","792.60362321514833","927.24834325585095","1057.4087958435862","1067.2593047617856","1100.8247438187091","1216.5869962555305","1454.2510597954279","1560.272200218744","1624.6806291183384","1673.2952400741897","1557.432302175635","1609.4864165785411","2059.6442080438892","3560.0195171792611","3149.2621214976948","2764.8504855867977","2391.7113917120073","2391.3770689394578","1873.6227550976496"
"164","Qatar",". .",". .",". .",". .",". .",". .",". .",". .",". .",". .","1178.6237177658966","1139.4588106865149","1017.8000241978209","1026.1740876878764","1054.790918921515","1313.1993436003161","1668.0558134714129","1224.7775609145503","1054.5505146769647",". .",". .",". .",". .",". .",". .",". ."
"165","Saudi Arabia","883.84914376394943","921.13271462366492","779.84070491343402","704.54625798044856","697.27651320764016","929.30691545159539","1049.2465267624357","902.7118113237708","961.47017376095414","987.001002772991","844.59082135915685","831.13643525809914","900.18937624656201","1062.1771151177777","1203.5212418923572","1404.5902818312245","1473.4694973716407","1547.8203545397985","1649.7144257568468","1718.6379687149927","1942.418112610894","2238.1423538685399","2624.139113970617","2762.7933207981896","1972.7790767087313","2107.3800613692465"
"166","Syria","225.71858419825193","105.13695666643137","117.30002279547112","66.773577298701881","67.439495305791112","68.97914650811974","70.248992485784797","70.406242490927895","54.661703566701483","60.984835533034044","64.543454278535748","82.468492502179771","77.979065081569473","79.276058762243736","75.877210545067868","81.44702917479195","85.233903531745582","104.77722892462411","111.61519630500746","119.5786196414271",". .",". .",". .",". .",". .",". ."
"167","Turkey","110.45868231967046","124.88298766525456","91.952641025839881","112.95357486234002","126.41678307770296","129.06516100360415","143.17800197597299","159.77229258407121","158.02832187716709","112.41447804739477","138.93080883163447","155.52359677430599","162.97751781754516","177.91679424341385","194.33736565539328","220.11149922154095","243.14743669990432","229.21907285063932","248.03174254668545","235.73096355200431","240.82435879409783","246.24925220562039","230.71560243629887","202.89547542812318","224.54327893911665","225.27503322323579"
"168","UAE",". .",". .",". .",". .",". .","1235.4645877181515","1413.0170146165699","1416.6178843144594","1862.4321974730501","1743.2056559942814","1526.5937491228858","1559.279402964695","1667.5629390054373","1442.1074675269947","1366.9162363267365","1399.8841960857239","1678.4471725580549","1804.8058923355625","2116.4751395215521","2211.797243209181","2137.4303112288708","2616.075274162286","2508.5883716733333",". .",". .",". ."
"169","Yemen","98.074510196785283","109.54066321281026","160.16603986812655","52.601699021015513","26.181438539378302","24.198559057599379","22.756744282304847","22.744316280694768","26.499094808538402","29.369088305596318","38.974553179221182","41.481331655818714","36.74290000606949","39.626408041160325","38.852069426015369","48.295257484283923","53.515425002351364","61.840246127216254","61.34481018132864","66.478671812578682","64.987641161177791","64.463941434724788","65.336031349737738",". .",". .",". ."
